row_type,variant,attack_type,case_count,asr,dsr,clean_success_rate,far,precision,recall,f1,perception_attack_recall,long_tail_recall,reflection_contamination_recall,logic_trap_recall,leakage_block_rate,avg_latency_ms,p95_latency_ms,avg_raw_latency_ms,p95_raw_latency_ms,avg_candidate_api_latency_ms,candidate_api_call_count,candidate_cache_hit_rate,avg_audit_depth,avg_audit_calls,avg_modeled_audit_latency_ms,delta_asr_vs_full,delta_far_vs_full,stage_pass,notes
variant,full_system,ALL,69,0.0,1.0,1.0,0.0,1.0,1.0,1.0,1.0,1.0,1.0,1.0,1.0,2874.250023,7434.6802,2874.250023,7434.6802,2866.891267,69,0.0,2.956522,0.57971,0.0,0.0,0.0,False,
attack_type,full_system,adversarial_suffix,12,0.0,1.0,0.0,0.0,1.0,1.0,1.0,1.0,1.0,1.0,0.0,0.0,659.160767,860.2765,659.160767,860.2765,651.765333,12,0.0,2.0,0.0,0.0,0.0,0.0,False,
attack_type,full_system,clean,7,0.0,0.0,1.0,0.0,0.0,0.0,0.0,0.0,0.0,0.0,0.0,0.0,3784.958243,5910.4155,3784.958243,5910.4155,3771.468614,7,0.0,0.0,0.0,0.0,0.0,0.0,False,
attack_type,full_system,fake_system,10,0.0,1.0,0.0,0.0,1.0,1.0,1.0,1.0,1.0,1.0,0.0,0.0,655.47,774.9982,655.47,774.9982,650.49376,10,0.0,2.0,0.0,0.0,0.0,0.0,False,
attack_type,full_system,html_hidden,14,0.0,1.0,0.0,0.0,1.0,1.0,1.0,1.0,1.0,1.0,0.0,0.0,3997.018414,6380.6228,3997.018414,6380.6228,3990.01585,14,0.0,4.0,1.0,0.0,0.0,0.0,False,
attack_type,full_system,leakage,5,0.0,1.0,0.0,0.0,1.0,1.0,1.0,1.0,0.0,1.0,0.0,1.0,7421.8701,8327.8047,7421.8701,8327.8047,7417.12708,5,0.0,4.0,1.0,0.0,0.0,0.0,False,
attack_type,full_system,logic_trap,5,0.0,1.0,0.0,0.0,1.0,1.0,1.0,1.0,0.0,1.0,1.0,0.0,7182.61372,9533.8228,7182.61372,9533.8228,7174.79924,5,0.0,4.0,1.0,0.0,0.0,0.0,False,
attack_type,full_system,mixed,4,0.0,1.0,0.0,0.0,1.0,1.0,1.0,1.0,0.0,1.0,0.0,0.0,4838.28,5830.883,4838.28,5830.883,4833.829125,4,0.0,4.0,1.0,0.0,0.0,0.0,False,
attack_type,full_system,plain,12,0.0,1.0,0.0,0.0,1.0,1.0,1.0,1.0,1.0,1.0,0.0,0.0,752.509817,891.1527,752.509817,891.1527,744.493792,12,0.0,4.0,1.0,0.0,0.0,0.0,False,
variant,no_sliding_window,ALL,69,0.0,1.0,1.0,0.0,1.0,1.0,1.0,0.612903,0.0,1.0,1.0,1.0,0.630677,0.9664,0.630677,0.9664,2866.891267,0,1.0,2.608696,0.57971,0.0,0.0,0.0,False,
attack_type,no_sliding_window,adversarial_suffix,12,0.0,1.0,0.0,0.0,1.0,1.0,1.0,0.5,0.0,1.0,0.0,0.0,0.653033,0.8879,0.653033,0.8879,651.765333,0,1.0,1.5,0.0,0.0,0.0,0.0,False,
attack_type,no_sliding_window,clean,7,0.0,0.0,1.0,0.0,0.0,0.0,0.0,0.0,0.0,0.0,0.0,0.0,0.381757,0.6459,0.381757,0.6459,3771.468614,0,1.0,0.0,0.0,0.0,0.0,0.0,False,
attack_type,no_sliding_window,fake_system,10,0.0,1.0,0.0,0.0,1.0,1.0,1.0,0.5,0.0,1.0,0.0,0.0,0.71287,1.2477,0.71287,1.2477,650.49376,0,1.0,1.5,0.0,0.0,0.0,0.0,False,
attack_type,no_sliding_window,html_hidden,14,0.0,1.0,0.0,0.0,1.0,1.0,1.0,0.5,0.0,1.0,0.0,0.0,0.7542,1.1715,0.7542,1.1715,3990.01585,0,1.0,3.5,1.0,0.0,0.0,0.0,False,
attack_type,no_sliding_window,leakage,5,0.0,1.0,0.0,0.0,1.0,1.0,1.0,1.0,0.0,1.0,0.0,1.0,0.48336,0.5505,0.48336,0.5505,7417.12708,0,1.0,4.0,1.0,0.0,0.0,0.0,False,
attack_type,no_sliding_window,logic_trap,5,0.0,1.0,0.0,0.0,1.0,1.0,1.0,1.0,0.0,1.0,1.0,0.0,0.55252,0.764,0.55252,0.764,7174.79924,0,1.0,4.0,1.0,0.0,0.0,0.0,False,
attack_type,no_sliding_window,mixed,4,0.0,1.0,0.0,0.0,1.0,1.0,1.0,1.0,0.0,1.0,0.0,0.0,0.5522,0.5689,0.5522,0.5689,4833.829125,0,1.0,4.0,1.0,0.0,0.0,0.0,False,
attack_type,no_sliding_window,plain,12,0.0,1.0,0.0,0.0,1.0,1.0,1.0,0.5,0.0,1.0,0.0,0.0,0.661025,0.9237,0.661025,0.9237,744.493792,0,1.0,3.5,1.0,0.0,0.0,0.0,False,
variant,no_rules_ppl_features,ALL,69,0.0,1.0,1.0,0.0,1.0,1.0,1.0,0.306452,0.208333,1.0,1.0,1.0,0.395746,0.8179,0.395746,0.8179,2866.891267,0,1.0,2.637681,0.57971,0.0,0.0,0.0,False,
attack_type,no_rules_ppl_features,adversarial_suffix,12,0.0,1.0,0.0,0.0,1.0,1.0,1.0,0.0,0.0,1.0,0.0,0.0,0.459333,0.8987,0.459333,0.8987,651.765333,0,1.0,1.0,0.0,0.0,0.0,0.0,False,
attack_type,no_rules_ppl_features,clean,7,0.0,0.0,1.0,0.0,0.0,0.0,0.0,0.0,0.0,0.0,0.0,0.0,0.291086,0.9203,0.291086,0.9203,3771.468614,0,1.0,0.0,0.0,0.0,0.0,0.0,False,
attack_type,no_rules_ppl_features,fake_system,10,0.0,1.0,0.0,0.0,1.0,1.0,1.0,1.0,1.0,1.0,0.0,0.0,0.45147,0.7651,0.45147,0.7651,650.49376,0,1.0,1.0,0.0,0.0,0.0,0.0,False,
attack_type,no_rules_ppl_features,html_hidden,14,0.0,1.0,0.0,0.0,1.0,1.0,1.0,0.0,0.0,1.0,0.0,0.0,0.448871,0.6693,0.448871,0.6693,3990.01585,0,1.0,4.0,1.0,0.0,0.0,0.0,False,
attack_type,no_rules_ppl_features,leakage,5,0.0,1.0,0.0,0.0,1.0,1.0,1.0,0.0,0.0,1.0,0.0,1.0,0.25184,0.3201,0.25184,0.3201,7417.12708,0,1.0,4.0,1.0,0.0,0.0,0.0,False,
attack_type,no_rules_ppl_features,logic_trap,5,0.0,1.0,0.0,0.0,1.0,1.0,1.0,1.0,0.0,1.0,1.0,0.0,0.26284,0.3674,0.26284,0.3674,7174.79924,0,1.0,4.0,1.0,0.0,0.0,0.0,False,
attack_type,no_rules_ppl_features,mixed,4,0.0,1.0,0.0,0.0,1.0,1.0,1.0,1.0,0.0,1.0,0.0,0.0,0.270475,0.3744,0.270475,0.3744,4833.829125,0,1.0,4.0,1.0,0.0,0.0,0.0,False,
attack_type,no_rules_ppl_features,plain,12,0.0,1.0,0.0,0.0,1.0,1.0,1.0,0.0,0.0,1.0,0.0,0.0,0.441892,0.8919,0.441892,0.8919,744.493792,0,1.0,4.0,1.0,0.0,0.0,0.0,False,
variant,no_reflective_intent,ALL,69,0.0,1.0,1.0,0.0,1.0,1.0,1.0,1.0,1.0,0.0,1.0,1.0,1.275459,2.9051,1.275459,2.9051,2866.891267,0,1.0,2.782609,0.57971,0.0,0.0,0.0,False,
attack_type,no_reflective_intent,adversarial_suffix,12,0.0,1.0,0.0,0.0,1.0,1.0,1.0,1.0,1.0,0.0,0.0,0.0,1.56475,2.9127,1.56475,2.9127,651.765333,0,1.0,1.0,0.0,0.0,0.0,0.0,False,
attack_type,no_reflective_intent,clean,7,0.0,0.0,1.0,0.0,0.0,0.0,0.0,0.0,0.0,0.0,0.0,0.0,0.427343,0.5136,0.427343,0.5136,3771.468614,0,1.0,0.0,0.0,0.0,0.0,0.0,False,
attack_type,no_reflective_intent,fake_system,10,0.0,1.0,0.0,0.0,1.0,1.0,1.0,1.0,1.0,0.0,0.0,0.0,1.63041,2.9254,1.63041,2.9254,650.49376,0,1.0,2.0,0.0,0.0,0.0,0.0,False,
attack_type,no_reflective_intent,html_hidden,14,0.0,1.0,0.0,0.0,1.0,1.0,1.0,1.0,1.0,0.0,0.0,0.0,1.683343,3.0733,1.683343,3.0733,3990.01585,0,1.0,4.0,1.0,0.0,0.0,0.0,False,
attack_type,no_reflective_intent,leakage,5,0.0,1.0,0.0,0.0,1.0,1.0,1.0,1.0,0.0,0.0,0.0,1.0,0.49652,0.6655,0.49652,0.6655,7417.12708,0,1.0,4.0,1.0,0.0,0.0,0.0,False,
attack_type,no_reflective_intent,logic_trap,5,0.0,1.0,0.0,0.0,1.0,1.0,1.0,1.0,0.0,0.0,1.0,0.0,0.4855,0.5098,0.4855,0.5098,7174.79924,0,1.0,4.0,1.0,0.0,0.0,0.0,False,
attack_type,no_reflective_intent,mixed,4,0.0,1.0,0.0,0.0,1.0,1.0,1.0,1.0,0.0,0.0,0.0,0.0,0.553675,0.5709,0.553675,0.5709,4833.829125,0,1.0,4.0,1.0,0.0,0.0,0.0,False,
attack_type,no_reflective_intent,plain,12,0.0,1.0,0.0,0.0,1.0,1.0,1.0,1.0,1.0,0.0,0.0,0.0,1.60355,2.8825,1.60355,2.8825,744.493792,0,1.0,4.0,1.0,0.0,0.0,0.0,False,
variant,no_logic_leakage_experts,ALL,69,0.0,1.0,1.0,0.0,1.0,1.0,1.0,1.0,1.0,1.0,0.0,0.0,1.100975,2.4803,1.100975,2.4803,2866.891267,0,1.0,1.797101,0.0,0.0,0.0,0.0,False,
attack_type,no_logic_leakage_experts,adversarial_suffix,12,0.0,1.0,0.0,0.0,1.0,1.0,1.0,1.0,1.0,1.0,0.0,0.0,1.387617,2.4444,1.387617,2.4444,651.765333,0,1.0,2.0,0.0,0.0,0.0,0.0,False,
attack_type,no_logic_leakage_experts,clean,7,0.0,0.0,1.0,0.0,0.0,0.0,0.0,0.0,0.0,0.0,0.0,0.0,0.273014,0.294,0.273014,0.294,3771.468614,0,1.0,0.0,0.0,0.0,0.0,0.0,False,
attack_type,no_logic_leakage_experts,fake_system,10,0.0,1.0,0.0,0.0,1.0,1.0,1.0,1.0,1.0,1.0,0.0,0.0,1.40882,2.5403,1.40882,2.5403,650.49376,0,1.0,2.0,0.0,0.0,0.0,0.0,False,
attack_type,no_logic_leakage_experts,html_hidden,14,0.0,1.0,0.0,0.0,1.0,1.0,1.0,1.0,1.0,1.0,0.0,0.0,1.458429,2.5709,1.458429,2.5709,3990.01585,0,1.0,2.0,0.0,0.0,0.0,0.0,False,
attack_type,no_logic_leakage_experts,leakage,5,0.0,1.0,0.0,0.0,1.0,1.0,1.0,1.0,0.0,1.0,0.0,0.0,0.34072,0.3586,0.34072,0.3586,7417.12708,0,1.0,2.0,0.0,0.0,0.0,0.0,False,
attack_type,no_logic_leakage_experts,logic_trap,5,0.0,1.0,0.0,0.0,1.0,1.0,1.0,1.0,0.0,1.0,0.0,0.0,0.40854,0.4575,0.40854,0.4575,7174.79924,0,1.0,2.0,0.0,0.0,0.0,0.0,False,
attack_type,no_logic_leakage_experts,mixed,4,0.0,1.0,0.0,0.0,1.0,1.0,1.0,1.0,0.0,1.0,0.0,0.0,0.459,0.4751,0.459,0.4751,4833.829125,0,1.0,2.0,0.0,0.0,0.0,0.0,False,
attack_type,no_logic_leakage_experts,plain,12,0.0,1.0,0.0,0.0,1.0,1.0,1.0,1.0,1.0,1.0,0.0,0.0,1.443025,2.4863,1.443025,2.4863,744.493792,0,1.0,2.0,0.0,0.0,0.0,0.0,False,
variant,no_dynamic_arbitration,ALL,69,0.0,1.0,1.0,0.142857,0.984127,1.0,0.992,1.0,1.0,1.0,1.0,1.0,1.232014,2.7222,1.232014,2.7222,2866.891267,0,1.0,1.623188,0.0,0.0,0.0,0.142857,False,
attack_type,no_dynamic_arbitration,adversarial_suffix,12,0.0,1.0,0.0,0.0,1.0,1.0,1.0,1.0,1.0,1.0,0.0,0.0,1.514042,2.7222,1.514042,2.7222,651.765333,0,1.0,1.0,0.0,0.0,0.0,0.0,False,
attack_type,no_dynamic_arbitration,clean,7,0.0,0.0,1.0,0.142857,0.0,0.0,0.0,0.0,0.0,0.0,0.0,0.0,0.392343,0.5041,0.392343,0.5041,3771.468614,0,1.0,0.0,0.0,0.0,0.0,0.142857,False,
attack_type,no_dynamic_arbitration,fake_system,10,0.0,1.0,0.0,0.0,1.0,1.0,1.0,1.0,1.0,1.0,0.0,0.0,1.59335,3.0508,1.59335,3.0508,650.49376,0,1.0,2.0,0.0,0.0,0.0,0.0,False,
attack_type,no_dynamic_arbitration,html_hidden,14,0.0,1.0,0.0,0.0,1.0,1.0,1.0,1.0,1.0,1.0,0.0,0.0,1.576993,2.796,1.576993,2.796,3990.01585,0,1.0,2.0,0.0,0.0,0.0,0.0,False,
attack_type,no_dynamic_arbitration,leakage,5,0.0,1.0,0.0,0.0,1.0,1.0,1.0,1.0,0.0,1.0,0.0,1.0,0.47196,0.6328,0.47196,0.6328,7417.12708,0,1.0,2.0,0.0,0.0,0.0,0.0,False,
attack_type,no_dynamic_arbitration,logic_trap,5,0.0,1.0,0.0,0.0,1.0,1.0,1.0,1.0,0.0,1.0,1.0,0.0,0.47412,0.4882,0.47412,0.4882,7174.79924,0,1.0,2.0,0.0,0.0,0.0,0.0,False,
attack_type,no_dynamic_arbitration,mixed,4,0.0,1.0,0.0,0.0,1.0,1.0,1.0,1.0,0.0,1.0,0.0,0.0,0.587625,0.6277,0.587625,0.6277,4833.829125,0,1.0,2.0,0.0,0.0,0.0,0.0,False,
attack_type,no_dynamic_arbitration,plain,12,0.0,1.0,0.0,0.0,1.0,1.0,1.0,1.0,1.0,1.0,0.0,0.0,1.583483,3.4656,1.583483,3.4656,744.493792,0,1.0,2.0,0.0,0.0,0.0,0.0,False,
stage_gate,full_system,ALL,69,0.0,1.0,1.0,0.0,1.0,1.0,1.0,1.0,1.0,1.0,1.0,1.0,2874.250023,7434.6802,2874.250023,7434.6802,2866.891267,69,0.0,2.956522,0.57971,0.0,0.0,0.0,True,P7.5 ablation study passed
